id,title_ja,title_en,excerpt_ja,excerpt_en,content_ja,content_en,category_ja,category_en,author,created_at,updated_at
zen-yoga-art-traditional-meditation,禅とヨガの芸術：現代の魂のための日本伝統瞑想法,The Art of Zen and Yoga: Traditional Japanese Meditation Practices for Modern Souls,現代の混沌とした世界において、真の内なる平和と精神的明晰さを求める人々にとって、日本の禅瞑想とヨガの融合は究極の解決策を提供します。,"In today's chaotic world, for those seeking true inner peace and mental clarity, the fusion of Japanese Zen meditation and yoga offers the ultimate solution.","現代の混沌とした世界において、真の内なる平和と精神的明晰さを求める人々にとって、日本の禅瞑想とヨガの融合は究極の解決策を提供します。1300年以上にわたって受け継がれてきた禅の叡智と現代ヨガの実践的手法が出会うとき、そこには単なる瞑想や運動を超越した、深い変容の可能性が開かれます。科学的研究によって証明された禅瞑想の効果は、ストレス軽減、不安の解消、認知機能の向上など多岐にわたり、現代人の心身の健康に革命的な変化をもたらすことが明らかになっています。

日本禅瞑想の歴史と現代への影響

653年、日本の僧侶道昭が中国から禅の実践を日本に持ち帰り、最初の瞑想堂を開設しました。現在、日本には主要な禅宗として曹洞宗（しかんたざ「只管打坐」）と臨済宗（公案実践）の二大流派が存在します。2016年以降、日本のマインドフルネス実践は世界的に急速に普及し、科学的研究により禅瞑想が心拍変動の改善、コルチゾール値の低下、うつ症状の軽減に著しい効果があることが確認されています。

出典: Stanford Encyclopedia of Philosophy, PMC Research Database, Japan Mindfulness Society

禅瞑想とヨガの相乗効果：1300年の伝統と現代科学の融合

禅仏教が日本に伝来してから1300年以上が経過した現在、この古代の叡智は現代ヨガと完璧に調和し、相乗効果を生み出すことが科学的に証明されています。禅瞑想の核心である「只管打坐（しかんたざ）」は、曹洞宗の根本的実践法で、「ただ座る」ことに集中し、思考の流れを観察しながら判断を加えることなく受け入れる技法です。この実践法とヨガのアーサナ（体位法）を組み合わせることで、身体の柔軟性向上と同時に心の安定が達成され、従来の瞑想やヨガ単独では得られない深いレベルの意識変容が実現されます。

臨済宗の公案（こうあん）実践は、論理的思考を超越した直観的洞察を開発する独特な瞑想法です。「両手を打って音がする。では片手の音はどうか」といった公案を通じて、禅僧は通常の思考パターンを打破し、悟りの瞬間である「見性（けんしょう）」を体験します。この公案瞑想とヨガの呼吸法（プラーナーヤーマ）を組み合わせることで、参加者は論理的思考の限界を超えた深い気づきの状態に到達し、創造性や問題解決能力の飛躍的向上を体験します。

最新の神経科学研究によると、禅瞑想の実践により前頭前皮質の活動が活性化され、注意力と集中力が大幅に改善されることが確認されています。同時にヨガのアーサナ実践は、自律神経系のバランスを最適化し、副交感神経の活性化によるリラクゼーション反応を促進します。この二つの実践を統合することで、心身の完全な調和状態が実現され、参加者は日常生活において持続的な平穏さと精神的明晰さを維持できるようになります。

出典: Stanford Encyclopedia of Philosophy, PMC Neurological Research, Zen Buddhism Studies Journal

座禅体験とアーサナの融合：身心一如の実現

禅の座禅とヨガのアーサナの融合は、仏教の根本概念である「身心一如」（しんしんいちにょ）の完璧な体現です。座禅の正式な姿勢である結跏趺坐（けっかふざ）または半跏趺坐（はんかふざ）は、脊椎を真っ直ぐに保ち、あごを引いて頸部を伸ばし、天井に向かって頭頂部を押し上げるような感覚で行います。この基本姿勢は、ヨガのパドマーサナ（蓮華座）やスカーサナ（安楽座）と本質的に同一であり、東洋の瞑想伝統における普遍的な智恵を反映しています。

座禅における呼吸法は、自然な腹式呼吸を重視し、呼吸を意図的にコントロールせずにその自然なリズムを観察します。この「自然呼吸の観察」とヨガのヴィパッサナー瞑想技法を組み合わせることで、深い内観状態が実現されます。参加者は思考の起伏を客観視し、感情の波に巻き込まれることなく、内なる静寂の中心に安住することを学びます。この状態では、日常的な心配事や不安から完全に解放され、本来の平和な意識状態を体験します。

歩行禅（きんひん）は座禅と座禅の間に行われる瞑想的歩行で、これをヨガの動的瞑想やフローシーケンスと組み合わせることで、静的瞑想と動的瞑想の完璧なバランスが実現されます。歩行禅では、極めてゆっくりとした歩みで各ステップに完全な注意を向け、足裏が地面に触れる感覚、重心の移動、呼吸のリズムを統合的に観察します。この実践とヨガのヴィンヤサフローを組み合わせることで、日常の動作すべてが瞑想的実践となり、生活全体が修行の場に変容します。

出典: Japanese Zen Buddhist Philosophy, Soto Zen Meditation Manuals, Rinzai Training Methods

現代科学が解明する禅ヨガの健康効果と日本マインドフルネスの世界的影響

21世紀に入ってから、日本の禅瞑想とヨガの統合実践に関する科学的研究が急速に進展し、その効果が客観的に証明されています。2016年以降、日本のマインドフルネス実践は世界的に普及し、特に欧米での関心が高まっています。東洋大学の研究によると、マインドフルネスベースの介入プログラムは2016年以降に一般人口に広く浸透し、その効果は医療現場だけでなく教育、企業研修、高齢者ケアなど幅広い分野で実証されています。

禅瞑想とヨガの統合実践により、参加者の心拍変動（HRV）が有意に改善され、自律神経系の柔軟性が向上することが明らかになっています。この効果は、ストレス耐性の向上と密接に関連しており、日常的なストレス要因に対する反応性が大幅に軽減されます。さらに、セルフコンパッション（自己慈悲）の向上も確認されており、自己批判的な思考パターンから解放され、より建設的で慈愛に満ちた自己関係を築くことができるようになります。

がん患者を対象とした研究では、マインドフルネスベースの瞑想療法が不安と抑うつに対して効果的であり、スピリチュアルウェルビーイングの向上と関連していることが確認されています。日本のヨガ実践者を対象とした研究では、瞑想ベースの精神的実践により心理状態に望ましい変化が生じ、マインドフルネススキルと主観的幸福感の向上、抑うつ症状の軽減が統計的に有意に認められました。これらの科学的証拠は、禅とヨガの融合が現代人の心身の健康に革命的な変化をもたらす可能性を強く示唆しています。

出 典 : PMC Research Database, Clinical Psychology Review, Effects of Yoga and Mindfulness Programs, Waseda University Research

マインドフルネスと和の心：日本独特の精神文化とヨガの調和

日本の「和」の概念は、禅瞑想とヨガの融合において極めて重要な役割を果たします。「和」は単なる調和や平和を超えた、宇宙的な統一性と相互依存性の深い理解を表現しています。この「和の心」は、茶道、華道、武道など日本の伝統芸術すべてに浸透しており、これらの実践は本質的に動的瞑想の形態です。茶道の一挙手一投足には完全なマインドフルネスが要求され、華道では自然との調和と美的感覚の統合が実現され、武道では心身の完全な統一が追求されます。

日本庭園の設計理念もまた、禅とヨガの融合実践に深い洞察を提供します。枯山水庭園は、砂利と石だけで水の本質を表現し、観察者の心に深い静寂をもたらします。この庭園での瞑想的ヨガ実践は、「間（ま）」の概念を体現し、空虚と充実、静寂と動的エネルギーの絶妙なバランスを体験させます。参加者は、庭園の無言の教えを通じて、内なる空間の広がりと外なる自然の無限性との一体感を深く体験します。

日本の四季の概念「二十四節気」は、自然のリズムとの調和を重視する日本文化の特徴を表現しており、これは禅ヨガの実践においても重要な指針となります。春の新緑の中での開放的なヨガ、夏の蝉の声に包まれた集中瞑想、秋の紅葉を背景にした感謝の実践、冬の雪景色での内観深化など、各季節に応じた実践方法により、参加者は自然の智恵と調和した生活リズムを体得します。この季節意識の統合により、現代人が失いがちな自然との深いつながりが回復され、持続可能な精神的成長の基盤が確立されます。

出典: Japanese Cultural Studies, Zen Arts Research, Traditional Japanese Aesthetics

あなただけの禅ヨガ変容体験を創造しませんか

Zen Retreat ASIA - 伝統瞑想とヨガ融合プログラムのご案内

1300年の禅の伝統と現代ヨガの融合による真の変容体験を、あなたの精神的成長に合わせて完全カスタマイズいたします。曹洞宗・臨済宗の本格的な座禅指導と、科学的根拠に基づいたヨガプログラムを組み合わせ、現代人の心身に最適化された究極の瞑想リトリートをご提供します。茶道、華道、武道との融合体験も含め、日本の「和の心」を深く体現する特別なプログラムをご用意しています。

お問い合わせ：info@discoveryhiddenjapan.com

ウェブサイト：https://zenretreatasia.com/

日本語・英語対応。禅マスターによる個別指導付き無料相談受付中。","In today's chaotic world, for those seeking true inner peace and mental clarity, the fusion of Japanese Zen meditation and yoga offers the ultimate solution. When the wisdom of Zen, passed down for over 1,300 years, meets the practical methods of modern yoga, possibilities for profound transformation emerge that transcend mere meditation or exercise. The effects of Zen meditation, proven by scientific research, encompass stress reduction, anxiety relief, and cognitive function enhancement, bringing revolutionary changes to the physical and mental health of modern people.

History of Japanese Zen Meditation and Its Modern Influence

In 653, Japanese monk Dōshō brought the practice of Zen from China to Japan and established the first meditation hall. Today, Japan has two major Zen schools: Sōtō Zen (shikantaza or ""just sitting"") and Rinzai Zen (kōan practice). Since 2016, Japanese mindfulness practices have rapidly spread worldwide, with scientific research confirming that Zen meditation has remarkable effects on improving heart rate variability, lowering cortisol levels, and reducing depressive symptoms.

Sources: Stanford Encyclopedia of Philosophy, PMC Research Database, Japan Mindfulness Society

The Synergy of Zen Meditation and Yoga: 1,300 Years of Tradition Meets Modern Science

More than 1,300 years have passed since Zen Buddhism arrived in Japan, and this ancient wisdom has been scientifically proven to harmonize perfectly with modern yoga, creating synergistic effects. The essence of Zen meditation, ""shikantaza"" (just sitting), is the fundamental practice of the Sōtō school, a technique that focuses on ""just sitting"" while observing the flow of thoughts and accepting them without judgment. By combining this practice with yoga asanas (postures), physical flexibility improvement and mental stability are achieved simultaneously, realizing deep levels of consciousness transformation unattainable through meditation or yoga alone.

Rinzai Zen's kōan practice is a unique meditation method that develops intuitive insight transcending logical thinking. Through kōans such as ""Two hands clap and there is a sound. What is the sound of one hand?"" Zen monks break through ordinary thought patterns and experience ""kenshō"" (seeing one's true nature), the moment of enlightenment. By combining this kōan meditation with yoga breathing techniques (pranayama), participants reach states of deep awareness beyond the limits of logical thinking, experiencing dramatic improvements in creativity and problem-solving abilities.

Latest neuroscience research confirms that Zen meditation practice activates the prefrontal cortex, significantly improving attention and concentration. Simultaneously, yoga asana practice optimizes autonomic nervous system balance and promotes relaxation responses through parasympathetic nervous system activation. By integrating these two practices, complete mind-body harmony is realized, enabling participants to maintain sustained tranquility and mental clarity in daily life.

Sources: Stanford Encyclopedia of Philosophy, PMC Neurological Research, Zen Buddhism Studies Journal

Fusion of Zazen and Asanas: Realizing Body-Mind Unity

The fusion of Zen zazen and yoga asanas is the perfect embodiment of the fundamental Buddhist concept of ""shinshin-ichinyo"" (body-mind oneness). The formal zazen postures of kekkafuza (full lotus) or hankafuza (half lotus) maintain a straight spine, with chin tucked to extend the neck, and a sensation of pushing the crown of the head toward the ceiling. These basic postures are essentially identical to yoga's Padmasana (lotus pose) or Sukhasana (easy pose), reflecting universal wisdom in Eastern meditation traditions.

Zazen breathing techniques emphasize natural abdominal breathing, observing its natural rhythm without intentionally controlling the breath. By combining this ""natural breathing observation"" with yoga's Vipassana meditation techniques, deep introspective states are realized. Participants learn to objectively observe the fluctuations of thoughts, remaining in the center of inner silence without being caught by emotional waves. In this state, they experience complete liberation from daily worries and anxieties, discovering their originally peaceful state of consciousness.

Walking meditation (kinhin) is meditative walking performed between zazen sessions, and combining this with yoga's dynamic meditation and flow sequences achieves perfect balance between static and dynamic meditation. In walking meditation, extremely slow steps direct complete attention to each step, integrating observation of foot-ground contact sensations, weight shifts, and breathing rhythms. By combining this practice with yoga vinyasa flow, all daily movements become meditative practice, transforming entire life into a training ground.

Sources: Japanese Zen Buddhist Philosophy, Soto Zen Meditation Manuals, Rinzai Training Methods

Modern Science Reveals Health Benefits of Zen Yoga and Global Impact of Japanese Mindfulness

Since entering the 21st century, scientific research on the integrated practice of Japanese Zen meditation and yoga has rapidly advanced, with effects objectively proven. Since 2016, Japanese mindfulness practices have spread globally, with particular interest growing in Western countries. According to Toyo University research, mindfulness-based intervention programs have widely permeated the general population since 2016, with effects demonstrated not only in medical settings but across education, corporate training, elderly care, and other diverse fields.

Integrated practice of Zen meditation and yoga significantly improves participants' heart rate variability (HRV), enhancing autonomic nervous system flexibility. This effect closely relates to improved stress resilience, greatly reducing reactivity to daily stressors. Furthermore, improvements in self-compassion have been confirmed, enabling liberation from self-critical thought patterns and building more constructive, compassionate self-relationships.

Research on cancer patients has confirmed that mindfulness-based meditation therapy is effective for anxiety and depression, associated with improved spiritual well-being. Studies on Japanese yoga practitioners have found that meditation-based spiritual practices produce desirable changes in psychological states, with statistically significant improvements in mindfulness skills and subjective well-being, and reductions in depressive symptoms. This scientific evidence strongly suggests that the fusion of Zen and yoga has the potential to bring revolutionary changes to the physical and mental health of modern people.

Sources: PMC Research Database, Clinical Psychology Review, Effects of Yoga and Mindfulness Programs, Waseda University Research

Mindfulness and the Spirit of Wa: Japanese Spiritual Culture and Yoga Harmony

The Japanese concept of ""wa"" (harmony) plays an extremely important role in the fusion of Zen meditation and yoga. ""Wa"" expresses a deep understanding of cosmic unity and interdependence beyond mere harmony or peace. This ""spirit of wa"" permeates all Japanese traditional arts including tea ceremony, flower arrangement, and martial arts, and these practices are essentially forms of dynamic meditation. Every gesture in tea ceremony requires complete mindfulness, flower arrangement realizes integration of harmony with nature and aesthetic sensibility, and martial arts pursue complete mind-body unity.

The design principles of Japanese gardens also provide deep insights into the fusion practice of Zen and yoga. Karesansui (dry landscape gardens) express the essence of water using only gravel and stones, bringing deep tranquility to the observer's mind. Meditative yoga practice in these gardens embodies the concept of ""ma"" (space/interval), allowing experience of the exquisite balance between emptiness and fullness, silence and dynamic energy. Through the garden's silent teachings, participants deeply experience unity between the expansion of inner space and the infinity of outer nature.

The Japanese concept of ""nijūshi sekki"" (24 solar terms) expressing the four seasons represents Japanese culture's emphasis on harmony with natural rhythms, serving as an important guide in Zen yoga practice. Open yoga among spring greenery, concentrated meditation enveloped in summer cicada songs, gratitude practice against autumn foliage, and deepening introspection in winter snow scenes—these seasonal practices enable participants to embody living rhythms harmonized with natural wisdom. Through this seasonal consciousness integration, deep connections with nature often lost by modern people are restored, establishing foundations for sustainable spiritual growth.

Sources: Japanese Cultural Studies, Zen Arts Research, Traditional Japanese Aesthetics

Create Your Own Zen Yoga Transformation Experience

Zen Retreat ASIA - Traditional Meditation and Yoga Fusion Program

We completely customize true transformative experiences combining 1,300 years of Zen tradition with modern yoga to match your spiritual growth. We offer ultimate meditation retreats optimized for modern mind-body needs, combining authentic zazen instruction from Sōtō and Rinzai schools with scientifically-based yoga programs. Special programs are available including fusion experiences with tea ceremony, flower arrangement, and martial arts, deeply embodying the Japanese ""spirit of wa.""

Contact: info@discoveryhiddenjapan.com

Website: https://zenretreatasia.com/

Japanese and English support. Free consultation with personal guidance from Zen masters now available.",ウェルネス,Wellness,Zen Retreat ASIA,2025-10-05 14:34:41.465098+00,2025-10-05 14:34:41.465098+00
